round,No corrct answers,response (CHAT-GPT),GPT-4,API,reason,note,unrecognize wrong responses,
0,6,"5,0","5,1","5,1",out of grid,,,
1,3,"2,2","1,5","1,5",,,1,
2,1,"2,6","2,5","2,5",out of grid,,,
3,8,"5,5","5,5","5,5",GPT-4,,1,
4,1,"2,0","2,1","2,1",out of grid,,,
5,3,"4,3","5,2","5,2",,,,
6,4,"1,1","2,2","2,2",,,1,
7,3,"4,2","2,2","2,2",,function is wrong in one of the previous steps,,
8,2,"3,0","4,3","3,5",out of grid,GPT4 IS WRONG,gpt4 considers the move beyand the grid as impossible and stays in the initial position,
9,9,"3,0","3,1","3,1",out of grid,,,
10,2,"4,4","3,2","4,2",,GPT4 IS WRONG,,
11,2,"2,5","5,5","5,4",,GPT4 IS WRONG,,
12,1,"1,5","1,5","1,5",GPT-4,,,
13,6,"1,3","1,3","1,3",GPT-4,,,
14,0,"5,4","4,5","4,5",,,,
15,2,"5,1","1,1","2,1",,GPT4 IS WRONG,,
16,4,"6,7","5,5","5,5",out of grid,,,
17,7,"6,1","5,1","5,1",out of grid,,,
18,5,"0,5","1,5","1,5",out of grid,function is wrong in one of the previous steps,,
19,8,"0,1","1,1","1,1",out of grid,,1,
20,4,"5,0","5,1","5,1",out of grid,,,
21,1,"2,3","2,4","2,4",,,,
22,2,"2,0","2,1","2,1",out of grid,,,
23,4,"1,1","4,2","4,3",,GPT4 IS WRONG,1,
24,10,"5,3","5,3","5,3",GPT-4,,,
25,4,"5,4","2,2","5,1",,GPT4 IS WRONG,3,
26,4,"4,1","4,5","4,5",,,1,
27,2,"4,0","4,1","4,1",out of grid,,,
28,1,"4,7","4,5","4,5",out of grid,,,
29,7,"0,3","1,3","1,3",out of grid,,,
30,3,"2,4","2,5","2,5",,,,
31,11,"2,3","2,5","2,5",,,stay at position not to go out of the grid,GPT4 can't create the right function format
32,2,"3,6","3,5","3,5",out of grid,,,
33,6,"1,5","1,5","1,5",GPT-4,,,
34,2,"4,4","5,4","5,4",,,,
35,7,"2,2","3,3","3,3",,,1,
36,2,"2,0","1,1","1,1",out of grid,,,
37,6,"2,5","1,5","1,5",,,,
38,2,"6,5","5,5","5,5",out of grid,,,
39,3,"1,4","1,2","1,2",,,,
40,6,"4,2","5,2","5,2",,,,
41,4,"3,3","2,5","1,3",,API IS WRONG,,
42,2,"4,1","4,1","3,1",,,,
43,1,"3,0","3,1","3,1",out of grid,,,
44,0,"3,4","4,5","4,5",,,,
45,1,"2,6","2,5","2,5",out of grid,,,
46,0,"1,2","1,2","1,2",GPT-4,,,
47,5,"7,1","5,1","5,1",out of grid,,,
48,5,,"5,5","5,5",No answer,,because out of the grid,
49,2,"3,4",,"2,3",,,,
50,,,,,,,,
